,imine_1,imine_2,imine_3,imine_4,imine_5
ESPMAX,139.14427701577404,146.2918724729564,141.85083248114256,141.10311544173805,142.38344282383233
ESPMIN,53.924282755379096,32.49166084291879,31.72390372322227,42.48347152359337,52.28337637120603
